fold,mae_lag1
1,27.590572437560766
2,19.38871676271923
