{
  "input_mode": "section4",
  "source": "train.csv + test.csv",
  "dt_column": "DateTime",
  "train": {
    "duplicates_dropped": 0,
    "rows_before": 41932,
    "rows_after": 41932,
    "missing_before": {
      "Zone 1 Power Consumption_lag1": 0.49353715539444815,
      "Zone 1 Power Consumption_lag6": 0.49346561098922065,
      "Zone 1 Power Consumption_lag144": 0.4918916340742154,
      "Zone 1 Power Consumption_rollmean_1h": 0.491653152723457,
      "Zone 1 Power Consumption_rollstd_1h": 0.62792139654679,
      "Zone 1 Power Consumption_rollmedian_1h": 0.4929886482877039,
      "Zone 1 Power Consumption_rollmean_3h": 0.48349709052752077,
      "Zone 1 Power Consumption_rollstd_3h": 0.5683010588571974,
      "Zone 1 Power Consumption_rollmedian_3h": 0.49246398931603547,
      "Zone 1 Power Consumption_rollmean_24h": 0.5612897071449012,
      "Zone 1 Power Consumption_rollstd_24h": 0.5058189449585042,
      "Zone 1 Power Consumption_rollmedian_24h": 0.5508919202518363,
      "Zone 2  Power Consumption_lag1": 0.4994753410283316,
      "Zone 2  Power Consumption_lag6": 0.4994753410283316,
      "Zone 2  Power Consumption_lag144": 0.4998330630544691,
      "Zone 2  Power Consumption_rollmean_1h": 0.49837832681484306,
      "Zone 2  Power Consumption_rollstd_1h": 0.6293522846513403,
      "Zone 2  Power Consumption_rollmedian_1h": 0.49880759324620816,
      "Zone 2  Power Consumption_rollmean_3h": 0.498092149193933,
      "Zone 2  Power Consumption_rollstd_3h": 0.5661785748354479,
      "Zone 2  Power Consumption_rollmedian_3h": 0.4994991891634074,
      "Zone 2  Power Consumption_rollmean_24h": 0.5711151387961462,
      "Zone 2  Power Consumption_rollstd_24h": 0.5317180196508633,
      "Zone 2  Power Consumption_rollmedian_24h": 0.5581656014499666,
      "Zone 3  Power Consumption_lag1": 0.6115615758847658,
      "Zone 3  Power Consumption_lag6": 0.6114900314795383,
      "Zone 3  Power Consumption_lag144": 0.6097014213488505,
      "Zone 3  Power Consumption_rollmean_1h": 0.6102737765906706,
      "Zone 3  Power Consumption_rollstd_1h": 0.6909520175522275,
      "Zone 3  Power Consumption_rollmedian_1h": 0.61153772774969,
      "Zone 3  Power Consumption_rollmean_3h": 0.604216350281408,
      "Zone 3  Power Consumption_rollstd_3h": 0.5969903653534293,
      "Zone 3  Power Consumption_rollmedian_3h": 0.6123008680721168,
      "Zone 3  Power Consumption_rollmean_24h": 0.7608985977296575,
      "Zone 3  Power Consumption_rollstd_24h": 0.6337641896403701,
      "Zone 3  Power Consumption_rollmedian_24h": 0.7735381093198512,
      "year": 0.0,
      "quarter": 0.0,
      "month": 0.0,
      "day": 0.0,
      "hour": 0.0,
      "minute": 0.0,
      "dayofweek": 0.0,
      "is_weekend": 0.0,
      "dayofyear": 0.0,
      "iso_week": 0.0,
      "sin_hour": 0.0,
      "cos_hour": 0.0,
      "sin_dow": 0.0,
      "cos_dow": 0.0,
      "sin_doy": 0.0,
      "cos_doy": 0.0
    },
    "anomalies": {
      "Zone 1 Power Consumption_lag1": 20695,
      "Zone 1 Power Consumption_lag6": 20692,
      "Zone 1 Power Consumption_lag144": 20626,
      "Zone 1 Power Consumption_rollmean_1h": 20616,
      "Zone 1 Power Consumption_rollstd_1h": 26330,
      "Zone 1 Power Consumption_rollmedian_1h": 20672,
      "Zone 1 Power Consumption_rollmean_3h": 20274,
      "Zone 1 Power Consumption_rollstd_3h": 23830,
      "Zone 1 Power Consumption_rollmedian_3h": 20650,
      "Zone 1 Power Consumption_rollmean_24h": 23536,
      "Zone 1 Power Consumption_rollstd_24h": 21210,
      "Zone 1 Power Consumption_rollmedian_24h": 23100,
      "Zone 2  Power Consumption_lag1": 20944,
      "Zone 2  Power Consumption_lag6": 20944,
      "Zone 2  Power Consumption_lag144": 20959,
      "Zone 2  Power Consumption_rollmean_1h": 20898,
      "Zone 2  Power Consumption_rollstd_1h": 26390,
      "Zone 2  Power Consumption_rollmedian_1h": 20916,
      "Zone 2  Power Consumption_rollmean_3h": 20886,
      "Zone 2  Power Consumption_rollstd_3h": 23741,
      "Zone 2  Power Consumption_rollmedian_3h": 20945,
      "Zone 2  Power Consumption_rollmean_24h": 23948,
      "Zone 2  Power Consumption_rollstd_24h": 22296,
      "Zone 2  Power Consumption_rollmedian_24h": 23405,
      "Zone 3  Power Consumption_lag1": 25644,
      "Zone 3  Power Consumption_lag6": 25641,
      "Zone 3  Power Consumption_lag144": 25566,
      "Zone 3  Power Consumption_rollmean_1h": 25590,
      "Zone 3  Power Consumption_rollstd_1h": 28973,
      "Zone 3  Power Consumption_rollmedian_1h": 25643,
      "Zone 3  Power Consumption_rollmean_3h": 25336,
      "Zone 3  Power Consumption_rollstd_3h": 25033,
      "Zone 3  Power Consumption_rollmedian_3h": 25675,
      "Zone 3  Power Consumption_rollmean_24h": 31906,
      "Zone 3  Power Consumption_rollstd_24h": 26575,
      "Zone 3  Power Consumption_rollmedian_24h": 32436,
      "quarter": 0,
      "month": 0,
      "day": 0,
      "hour": 0,
      "minute": 0,
      "dayofweek": 0,
      "dayofyear": 0,
      "iso_week": 0,
      "sin_hour": 0,
      "cos_hour": 0,
      "sin_dow": 0,
      "cos_dow": 0,
      "sin_doy": 0,
      "cos_doy": 0
    },
    "binary_flags": [
      "year",
      "is_weekend"
    ],
    "impute_strategy": "ffill \u2192 bfill \u2192 median(train)",
    "missing_after": {
      "Zone 1 Power Consumption_lag1": 0.0,
      "Zone 1 Power Consumption_lag6": 0.0,
      "Zone 1 Power Consumption_lag144": 0.0,
      "Zone 1 Power Consumption_rollmean_1h": 0.0,
      "Zone 1 Power Consumption_rollstd_1h": 0.0,
      "Zone 1 Power Consumption_rollmedian_1h": 0.0,
      "Zone 1 Power Consumption_rollmean_3h": 0.0,
      "Zone 1 Power Consumption_rollstd_3h": 0.0,
      "Zone 1 Power Consumption_rollmedian_3h": 0.0,
      "Zone 1 Power Consumption_rollmean_24h": 0.0,
      "Zone 1 Power Consumption_rollstd_24h": 0.0,
      "Zone 1 Power Consumption_rollmedian_24h": 0.0,
      "Zone 2  Power Consumption_lag1": 0.0,
      "Zone 2  Power Consumption_lag6": 0.0,
      "Zone 2  Power Consumption_lag144": 0.0,
      "Zone 2  Power Consumption_rollmean_1h": 0.0,
      "Zone 2  Power Consumption_rollstd_1h": 0.0,
      "Zone 2  Power Consumption_rollmedian_1h": 0.0,
      "Zone 2  Power Consumption_rollmean_3h": 0.0,
      "Zone 2  Power Consumption_rollstd_3h": 0.0,
      "Zone 2  Power Consumption_rollmedian_3h": 0.0,
      "Zone 2  Power Consumption_rollmean_24h": 0.0,
      "Zone 2  Power Consumption_rollstd_24h": 0.0,
      "Zone 2  Power Consumption_rollmedian_24h": 0.0,
      "Zone 3  Power Consumption_lag1": 0.0,
      "Zone 3  Power Consumption_lag6": 0.0,
      "Zone 3  Power Consumption_lag144": 0.0,
      "Zone 3  Power Consumption_rollmean_1h": 0.0,
      "Zone 3  Power Consumption_rollstd_1h": 0.0,
      "Zone 3  Power Consumption_rollmedian_1h": 0.0,
      "Zone 3  Power Consumption_rollmean_3h": 0.0,
      "Zone 3  Power Consumption_rollstd_3h": 0.0,
      "Zone 3  Power Consumption_rollmedian_3h": 0.0,
      "Zone 3  Power Consumption_rollmean_24h": 0.0,
      "Zone 3  Power Consumption_rollstd_24h": 0.0,
      "Zone 3  Power Consumption_rollmedian_24h": 0.0,
      "year": 0.0,
      "quarter": 0.0,
      "month": 0.0,
      "day": 0.0,
      "hour": 0.0,
      "minute": 0.0,
      "dayofweek": 0.0,
      "is_weekend": 0.0,
      "dayofyear": 0.0,
      "iso_week": 0.0,
      "sin_hour": 0.0,
      "cos_hour": 0.0,
      "sin_dow": 0.0,
      "cos_dow": 0.0,
      "sin_doy": 0.0,
      "cos_doy": 0.0
    }
  },
  "test": {
    "duplicates_dropped": 0,
    "rows_before": 10484,
    "rows_after": 10484,
    "missing_before": {
      "Zone 1 Power Consumption_lag1": 0.729969477298741,
      "Zone 1 Power Consumption_lag6": 0.729969477298741,
      "Zone 1 Power Consumption_lag144": 0.7261541396413582,
      "Zone 1 Power Consumption_rollmean_1h": 0.7282525753529188,
      "Zone 1 Power Consumption_rollstd_1h": 0.7208126669210225,
      "Zone 1 Power Consumption_rollmedian_1h": 0.7297787104158718,